DEPENDENCIA_ADMINISTRATIVA,NOTA_MEDIA_ESCOLA,TAXA_DE_APROVACAO,TAXA_DE_PARTICIPACAO
Federal,659.2583618,92.2,96.89440918
Federal,637.6467285,86.5,98.71794891
Estadual,556.7106323,82.5,74.60317993
Estadual,542.8659668,70.2,54.65116501
Estadual,557.3791504,67.0,64.86486053
Estadual,524.5081787,68.9,54.44444275
Estadual,568.4736938,81.4,74.83870697
Estadual,550.8710327,87.8,65.51724243
Estadual,533.5371704,78.6,58.20895386
Estadual,556.4154053,75.5,74.59016418
Estadual,592.6153564,77.6,81.25000000
Estadual,547.4816284,67.2,63.25581741
Estadual,520.8861084,70.2,61.01694870
Estadual,566.8580322,54.9,71.19564819
Estadual,552.7999878,56.2,60.71428680
Estadual,534.6979980,56.4,57.14286041
Estadual,545.9743042,65.7,53.23740768
Estadual,574.0567627,83.1,83.01486206
Estadual,554.4782715,58.1,52.99999619
Estadual,568.6677246,82.0,83.78378296
Estadual,547.0000000,51.3,57.50000000
Estadual,557.5644531,89.9,83.06011200
Estadual,556.5211792,78.0,53.06122208
Estadual,508.1257935,62.8,52.54236984
Estadual,561.4895630,73.5,68.86227417
Estadual,556.8735962,60.9,68.38710022
Estadual,557.2357178,76.9,70.70706940
Estadual,566.9699707,70.4,80.09259033
Estadual,535.0333252,75.9,50.00000000
Estadual,584.3588257,69.7,86.86131287
Estadual,584.6336670,67.7,77.96610260
Estadual,620.2784424,85.1,95.42857361
Estadual,586.6071167,68.2,82.35294342
Estadual,541.2744141,68.1,70.49180603
Estadual,562.5884399,77.4,78.94737244
Estadual,576.0902100,92.7,88.95349121
Estadual,574.2937012,80.8,79.24151611
Estadual,590.9378662,93.5,92.78996277
Estadual,546.3103638,84.2,75.32466888
Estadual,547.4149170,80.6,59.82142639
Estadual,518.2174683,71.6,52.49999619
Estadual,581.2680054,66.0,75.75757599
Estadual,549.4452515,71.0,57.53424835
Estadual,576.3916626,62.7,68.57143402
Estadual,553.2792969,50.7,67.44186401
Estadual,552.1526489,74.4,56.06557083
Estadual,551.4797363,83.8,62.16216278
Estadual,549.8850098,61.6,54.05405045
Estadual,534.9310303,63.3,64.44444275
Estadual,563.2608032,76.6,69.86301422
Estadual,527.2653809,76.9,78.78787994
Estadual,604.4655762,96.2,99.20634460
Estadual,526.1643066,56.3,63.63636398
Estadual,577.5020752,80.8,84.09585571
Estadual,567.6722412,86.4,63.15789032
Estadual,546.3792725,64.1,60.91954041
Estadual,582.2993164,74.1,88.22630310
Estadual,581.5723267,90.8,86.50306702
Estadual,565.4383545,88.7,65.13158417
Estadual,562.1441040,77.9,69.05371094
Estadual,541.2640991,71.2,50.64934921
Estadual,546.1049805,64.4,50.63291168
Estadual,566.2738647,91.1,74.70288849
Estadual,557.7322998,75.5,76.41921997
Estadual,548.9591675,63.6,56.07476807
Estadual,538.7212524,69.8,64.94252777
Estadual,532.8961792,82.4,61.90476227
Estadual,561.2232666,66.5,66.44737244
Estadual,559.6163330,58.3,63.44827271
Estadual,554.2534180,84.9,67.95366669
Estadual,549.8099976,56.0,53.57142639
Estadual,552.1765747,69.4,58.71559525
Estadual,564.0080566,70.6,64.58332825
Estadual,558.4531250,86.3,59.81308365
Federal,638.0176392,86.7,94.44444275
Federal,614.7500000,93.8,95.23809814
Privada,658.3812256,94.7,97.95918274
Privada,581.5181885,90.6,95.65217590
Privada,690.0599976,90.2,100.00000000
Privada,626.3083496,85.7,96.00000000
Privada,608.9761963,84.3,87.50000000
Privada,619.2666626,95.0,100.00000000
Privada,635.5461426,93.6,96.29629517
Privada,651.7402344,82.5,100.00000000
Privada,657.4595947,92.9,82.53968048
Privada,552.5818481,97.8,91.66667175
Privada,665.6306152,97.4,100.00000000
Federal,642.0125122,91.0,96.96969604
Privada,620.0440063,86.8,94.93671417
Privada,626.9849854,97.8,83.33332825
Privada,621.4733276,97.3,93.75000000
Privada,608.7735596,92.2,94.44444275
Privada,611.5581665,76.3,98.21428680
Privada,691.4202881,93.7,97.52650452
Privada,697.0410767,92.4,98.40425110
Privada,700.7008057,87.6,98.04687500
Privada,608.4500122,94.9,84.21052551
Privada,661.5527954,87.5,94.73684692
Privada,643.1108398,92.5,99.32885742
Privada,586.8560181,87.3,86.20689392
Privada,581.7791748,88.3,80.00000000
Privada,657.7126465,95.9,100.00000000
Privada,617.0551147,94.0,98.00000000
Privada,662.9362183,93.0,97.18309784
Privada,604.9559937,96.2,92.59259033
Privada,648.3721924,96.6,94.73684692
Federal,658.6795654,81.2,89.42308044
Privada,646.0733032,81.2,100.00000000
Privada,607.6826782,93.7,98.11321259
Privada,623.8967896,93.6,91.17646790
Privada,595.6689453,89.8,75.52082825
Privada,640.0958252,92.9,100.00000000
Privada,665.3764648,93.6,93.40659332
Privada,637.3062744,93.6,91.42857361
Privada,620.9500122,91.7,91.89189148
Privada,618.2312622,95.4,94.11764526
Privada,577.5636597,96.2,78.57142639
Privada,663.7874756,89.7,96.96969604
Privada,628.3126831,77.7,92.64705658
Privada,632.2323608,95.2,97.14286041
Privada,588.9091187,75.2,100.00000000
Privada,598.4318237,97.4,91.66667175
Privada,668.6326294,95.1,96.07843018
Privada,632.7000122,93.3,93.33333588
Privada,681.5567017,97.0,95.34883118
Privada,664.7037964,89.3,94.64286041
Privada,676.4989624,93.6,98.50000000
Privada,629.4585571,95.8,97.61904144
Privada,589.8432617,89.6,74.00000000
Privada,596.2809448,67.4,55.26315689
Privada,625.4083252,91.2,100.00000000
Privada,601.8891602,92.9,93.87755585
Privada,616.6346436,98.8,100.00000000
Privada,613.7052612,86.8,76.00000000
Privada,587.0000000,83.1,91.89189148
Privada,600.2678833,74.2,66.66667175
Privada,650.7859497,83.5,92.75362396
Privada,660.3769531,86.7,97.50000000
Privada,686.6150513,89.4,92.73742676
Privada,635.8810425,93.0,95.08197021
Privada,626.5515137,94.5,91.66667175
Privada,609.8233032,97.2,93.75000000
Estadual,541.8925171,79.9,51.94805145
Estadual,560.8226318,73.9,61.76470566
Estadual,556.5562744,86.6,68.08510590
Estadual,560.1513062,80.2,73.86091614
Estadual,569.4566040,95.0,85.63380432
Estadual,539.0222168,63.4,54.00000381
Estadual,560.2373657,68.2,64.92536926
Estadual,572.7855225,85.3,86.25954437
Estadual,562.6242676,77.3,62.26414871
Estadual,548.6742554,68.6,50.00000000
Estadual,538.8602905,57.0,53.54330444
Estadual,566.2631836,81.2,74.50980377
Estadual,561.1494141,80.8,60.95890427
Estadual,553.9039307,81.5,82.25806427
Estadual,535.2161255,70.4,59.29648209
Estadual,555.9500122,69.0,61.63521957
Estadual,540.1272583,73.8,53.39805984
Estadual,556.5609741,75.2,60.00000381
Estadual,549.5335693,68.8,70.35176086
Estadual,558.2719727,78.5,70.09346008
Estadual,539.8784790,78.4,50.96774292
Estadual,521.2301636,61.2,64.63414764
Estadual,554.0007324,67.7,65.43778992
Estadual,564.9918823,77.2,79.60198975
Estadual,543.6346436,85.5,61.90476227
Estadual,556.1622314,67.4,61.35265732
Estadual,556.2153320,84.0,72.12389374
Estadual,561.5207520,83.8,65.59999847
Estadual,553.0142822,83.4,61.76470566
Estadual,558.7000122,55.1,58.82353210
Estadual,577.8883667,94.9,68.25396729
Estadual,551.4117432,89.6,51.51515198
Estadual,543.1347046,89.8,56.64739609
Estadual,549.8285522,93.3,66.66667175
Estadual,551.3898926,72.7,64.02877808
Estadual,550.7653198,87.3,64.47368622
Estadual,532.4605713,74.0,52.15311050
Estadual,539.3341064,84.6,58.27814484
Estadual,557.6286621,78.6,66.80850983
Estadual,566.7939453,74.3,62.26414871
Estadual,554.1469116,74.4,51.26582336
Estadual,546.0578003,95.0,75.00000000
Estadual,578.3634033,82.5,67.61904907
Estadual,562.4360352,88.3,67.71652985
Estadual,544.9787598,80.1,64.94252777
Estadual,561.7801514,70.4,69.87951660
Estadual,550.3220215,67.0,58.82353210
Estadual,557.3666382,86.9,60.44775772
Estadual,561.0354614,65.5,72.09302521
Estadual,523.2368164,75.2,57.57575607
Estadual,562.2802734,72.6,56.64335632
Estadual,549.6635742,91.9,76.42857361
Estadual,564.3322754,74.3,59.61538696
Estadual,554.6862793,76.3,54.25531769
Estadual,531.7515259,65.7,51.56250000
Estadual,532.2100220,77.3,58.82353210
Estadual,533.8155518,75.8,51.72413635
Estadual,554.5666504,89.6,81.08107758
Estadual,541.5999756,78.4,51.00401688
Estadual,539.8153076,89.0,54.96183014
Estadual,546.3202515,68.9,67.88990784
Estadual,542.4338379,85.8,53.12500000
Estadual,565.5164185,75.9,67.59259033
Estadual,556.3925781,65.7,58.06451416
Estadual,559.5510864,75.4,86.53846741
Estadual,548.1828613,82.5,64.31717682
Estadual,560.9254150,66.9,55.66037750
Estadual,541.0869751,86.4,58.12274170
Estadual,535.2421875,75.9,52.89255905
Estadual,544.5872192,65.8,58.74999619
Estadual,552.5344238,68.0,51.26050568
Estadual,548.0753174,71.1,57.04225159
Estadual,541.7304077,73.8,56.09756088
Estadual,539.7249756,74.3,75.00000000
Estadual,533.3307495,82.0,50.00000000
Estadual,526.7045898,77.1,61.32075119
Estadual,578.1454468,79.9,66.66667175
Estadual,554.9550781,89.7,76.66666412
Estadual,590.2888794,80.9,75.00000000
Estadual,559.3139648,88.4,71.85929108
Privada,620.0038452,92.2,86.66666412
Municipal,624.8048706,95.6,100.00000000
Privada,674.2037354,93.8,96.38554382
Privada,650.5030518,87.2,97.05882263
Privada,600.3428345,88.9,87.50000000
Privada,618.1601563,86.5,96.93251038
Municipal,612.4849854,91.6,100.00000000
Municipal,569.2089844,86.1,82.10526276
Privada,618.1729736,96.7,90.24389648
Privada,615.4785767,86.0,100.00000000
Municipal,599.4169922,91.4,94.00000000
Municipal,585.0679932,88.7,80.00000000
Privada,620.4461670,97.0,95.12194824
Estadual,542.0919800,83.9,73.80073547
Privada,631.1935425,88.8,100.00000000
Privada,601.5050049,98.7,83.33332825
Privada,627.7031250,96.2,96.96969604
Federal,634.6578979,83.6,96.20253754
Federal,657.6014404,98.7,96.52777863
Estadual,538.6937256,81.1,53.33333588
Estadual,546.2218628,87.3,58.18181610
Estadual,553.9615479,98.8,54.16666794
Federal,618.1737061,84.1,96.61016846
Estadual,546.1801758,86.9,60.36866379
Estadual,548.5810547,68.1,52.72727203
Estadual,576.4190674,90.1,50.00000000
Estadual,559.5648804,84.0,60.65573883
Estadual,588.7602539,80.4,83.87096405
Estadual,552.4513550,84.8,71.84465790
Estadual,558.8444214,81.7,56.25000000
Estadual,539.2374878,90.6,64.00000000
Estadual,567.5852051,94.0,81.81818390
Estadual,529.5315552,83.3,59.37500000
Estadual,565.0230713,90.6,59.09090805
Estadual,553.2814941,83.4,50.00000000
Estadual,548.3759766,82.0,52.08333206
Estadual,564.6357422,79.1,70.00000000
Estadual,564.0881348,92.8,56.73077011
Privada,638.7794189,96.6,97.14286041
Privada,639.6428833,90.2,100.00000000
Estadual,539.1245117,83.8,51.57894516
Estadual,569.3428345,92.4,79.33333588
Estadual,566.6900024,84.7,80.00000000
Estadual,537.2700195,85.1,69.76744080
Estadual,562.4058228,88.3,78.18182373
Estadual,531.7500000,97.2,83.33332825
Estadual,586.6259766,93.5,87.71929932
Estadual,545.4454346,80.1,57.89473724
Estadual,529.1199951,83.1,76.08695984
Estadual,544.2800293,78.8,69.76744080
Estadual,555.8454590,73.6,68.75000000
Estadual,528.9799805,92.9,55.55555725
Estadual,542.0800171,84.8,66.66667175
Estadual,550.1130371,86.2,62.16216278
Estadual,523.9799805,89.6,71.42857361
Estadual,543.6428833,85.7,65.88235474
Estadual,512.8499756,88.1,75.00000000
Estadual,545.0321655,91.3,57.14286041
Federal,655.2035522,95.3,100.00000000
Estadual,546.7020264,68.6,53.76344299
Estadual,581.8354492,79.0,70.53571320
Estadual,556.3909302,88.5,61.11111069
Estadual,550.7730713,93.4,62.65060425
Estadual,523.0838013,82.4,52.11267471
Estadual,546.7794189,80.7,55.72916794
Estadual,571.4400024,83.5,50.00000000
Estadual,538.6599731,86.6,55.55555725
Estadual,553.0151367,75.9,61.11111069
Estadual,539.3599854,75.9,65.21739197
Privada,584.6799927,91.4,100.00000000
Privada,561.3133545,96.8,88.23529816
Estadual,515.5689697,94.2,63.04347992
Estadual,553.7171631,79.5,61.73633194
Estadual,554.5094604,84.0,68.51851654
Estadual,537.7692261,98.8,68.42105103
Estadual,501.6392822,92.3,53.84615707
Estadual,549.2966919,81.1,76.92308044
Estadual,550.8461304,100.0,100.00000000
Estadual,530.9783325,73.9,61.02941132
Estadual,538.3314209,83.8,70.00000000
Estadual,532.9692383,77.0,50.00000000
Estadual,531.2351074,86.7,64.91228485
Estadual,568.4913330,67.8,90.78947449
Estadual,513.9951172,67.6,50.61728287
Estadual,539.7363892,76.3,70.21276093
Estadual,605.9038696,93.9,98.73417664
Estadual,529.4895020,83.7,59.37500000
Estadual,503.8666687,89.3,63.15789032
Estadual,526.9559937,92.8,59.52380753
Estadual,549.0083618,80.1,62.33766174
Estadual,528.8599854,85.8,51.28205490
Estadual,557.1389771,88.5,62.60162735
Estadual,580.0524902,85.5,59.14893723
Estadual,557.1727295,87.9,58.92857361
Estadual,510.8307800,88.4,76.47058868
Estadual,536.3806152,89.0,68.88889313
Estadual,544.0540161,74.4,73.52941132
Estadual,522.9647217,95.8,73.91304016
Estadual,527.6641235,69.7,67.15328979
Estadual,549.4333496,97.5,52.17391205
Estadual,517.6071167,94.3,56.00000000
Estadual,542.3090820,86.8,62.85714340
Estadual,521.5181885,90.0,64.70588684
Estadual,534.3422852,96.7,61.90476227
Estadual,542.1423340,97.2,61.90476227
Estadual,540.8978882,82.5,68.57143402
Estadual,548.5085449,93.4,57.37704468
Estadual,558.0176392,98.6,70.83332825
Estadual,534.4923096,90.6,72.22222137
Estadual,552.3850708,75.4,69.79167175
Estadual,542.0322876,99.3,63.26530457
Privada,654.5757446,90.8,89.18918610
Privada,609.2095337,100.0,95.45454407
Federal,595.0553589,77.0,95.58823395
Federal,646.8862305,82.2,100.00000000
Estadual,542.2772217,70.9,63.68715286
Estadual,553.0466919,90.0,62.50000000
Estadual,552.2216187,92.2,57.81250000
Estadual,558.9348755,80.1,77.47747803
Estadual,527.0743408,82.6,52.00000000
Estadual,533.5289307,69.0,51.35134888
Estadual,539.9000244,88.8,68.65671539
Estadual,574.5477295,91.1,86.27451324
Estadual,578.3197021,97.4,57.54716873
Estadual,566.6360474,78.8,74.13793182
Estadual,535.4353638,87.0,53.27869034
Estadual,529.7136230,91.9,81.48148346
Estadual,573.8063354,80.5,74.80314636
Estadual,571.8569336,81.5,73.86363983
Estadual,568.4400024,87.5,57.89473724
Estadual,567.5494995,82.3,66.45569611
Estadual,549.7666626,79.0,57.14286041
Estadual,558.5555420,78.2,74.38016510
Estadual,567.7513428,83.1,83.25202942
Estadual,546.1173706,73.4,62.16216278
Estadual,574.1386719,86.7,84.26966095
Estadual,557.1916504,71.3,73.46939087
Estadual,545.1561279,89.2,52.77777863
Estadual,571.0904541,75.8,64.61538696
Estadual,548.1680298,78.0,67.56756592
Estadual,534.4400024,61.2,53.03030014
Estadual,519.7062378,83.7,50.00000000
Estadual,547.2357178,85.5,63.63636398
Estadual,548.4895020,79.5,56.71641922
Estadual,562.9918213,77.9,65.33332825
Estadual,556.0913086,87.1,63.01369476
Estadual,519.2280273,85.7,65.78947449
Estadual,594.9130249,84.3,83.42857361
Estadual,561.1381226,92.9,52.49999619
Estadual,563.7956543,83.4,80.70175934
Estadual,579.9942017,90.8,68.25396729
Estadual,551.8265991,88.6,58.95522308
Estadual,553.0055542,81.3,56.25000000
Estadual,553.3023071,94.5,60.41666794
Estadual,574.4320068,89.3,90.36144257
Estadual,539.6278076,90.4,64.28571320
Estadual,567.3684082,88.8,55.88235092
Estadual,555.9363403,74.0,52.38095474
Estadual,562.2212524,91.4,60.25640869
Estadual,513.2860718,93.3,63.23529434
Estadual,571.3939209,88.2,55.93220520
Estadual,543.7842407,81.1,59.37500000
Estadual,566.2534180,80.0,61.70212555
Estadual,565.1727295,80.4,57.89473724
Estadual,559.0263062,78.6,55.88235092
Estadual,540.1105347,80.0,57.57575607
Estadual,532.0476074,84.4,70.00000000
Estadual,560.2062378,84.1,55.17241287
Estadual,556.4901733,84.2,65.38461304
Estadual,552.4384766,91.5,69.54732513
Estadual,573.8281250,87.0,61.53846359
Estadual,530.6674194,94.3,63.23529434
Estadual,525.6451416,74.4,50.00000000
Estadual,531.5142822,88.3,60.00000381
Estadual,558.3015137,72.8,57.39130402
Estadual,541.9171753,94.3,64.00000000
Estadual,569.9675903,79.5,76.66666412
Estadual,563.6437378,89.6,57.14286041
Estadual,549.7218628,86.6,66.66667175
Estadual,531.2750244,92.0,57.14286041
Estadual,546.8557739,80.1,52.52525330
Estadual,572.1174927,77.0,66.66667175
Estadual,541.2249756,75.1,65.75342560
Estadual,522.8607788,81.4,69.86301422
Estadual,567.6484375,93.7,80.00000000
Estadual,551.7786865,91.1,64.65517426
Estadual,539.1149902,87.9,50.00000000
Estadual,554.3107300,91.6,52.83018875
Privada,627.9735107,98.2,94.44444275
Privada,613.2249756,89.1,100.00000000
Privada,648.0788574,95.8,100.00000000
Privada,616.9523926,98.1,100.00000000
Privada,631.5546875,97.0,97.50000000
Privada,658.2171021,96.6,88.37209320
Privada,611.4562378,96.1,88.88889313
Federal,611.6672974,75.4,93.41317749
Estadual,518.0302734,78.4,60.00000381
Estadual,552.7015991,85.4,74.11764526
Estadual,535.7454834,90.3,55.00000000
Estadual,545.4534912,86.3,50.00000000
Estadual,553.2906494,86.2,55.97014999
Estadual,536.4375000,89.5,53.33333588
Estadual,578.9411621,90.7,68.00000000
Estadual,546.5214233,88.1,79.24528503
Estadual,526.8204346,75.7,55.00000000
Estadual,539.1947632,80.2,70.37036896
Estadual,524.2600098,87.6,55.55555725
Estadual,512.5428467,84.5,52.83018875
Estadual,547.2125244,72.9,54.54545593
Estadual,536.6558228,81.4,61.85566711
Estadual,521.5692139,83.6,54.16666794
Estadual,534.2851563,69.3,53.46534729
Estadual,548.5693359,80.5,77.50000000
Estadual,518.3367310,76.0,56.97674179
Estadual,548.1879883,87.8,73.52941132
Estadual,556.9401855,73.8,81.22448730
Estadual,527.6842041,78.4,63.33333206
Estadual,535.5314331,76.7,60.34482574
Estadual,536.7457886,79.2,56.73077011
Estadual,546.1483154,70.7,60.49382782
Estadual,596.1098022,87.0,91.07142639
Estadual,546.9628296,78.9,72.91667175
Estadual,577.0153198,72.6,78.72340393
Estadual,552.7885742,79.7,57.86802292
Estadual,552.7349854,91.3,51.94805145
Estadual,546.0875244,72.4,68.08510590
Estadual,556.9506226,94.9,70.58823395
Estadual,561.4461670,96.6,52.00000000
Estadual,540.1300049,92.1,63.82978439
Estadual,543.5792847,78.1,54.71697998
Estadual,536.1889038,95.8,58.69564819
Estadual,539.2114868,86.7,61.61616516
Estadual,532.8916626,82.2,53.73134613
Estadual,529.5917358,84.3,55.55555725
Estadual,561.2666626,90.4,52.17391205
Estadual,507.6227417,95.7,78.57142639
Estadual,553.2454834,72.9,66.00000000
Estadual,568.8937378,96.9,64.00000000
Estadual,537.9333496,88.1,60.00000381
Estadual,537.1500244,97.8,54.16666794
Estadual,543.9829102,73.9,57.74647522
Estadual,569.1400146,85.7,50.00000000
Estadual,556.4469604,58.8,65.33332825
Estadual,541.0100098,98.1,74.07407379
Privada,645.7651367,96.7,96.62921143
Privada,622.5560303,94.2,96.15384674
Privada,596.1149902,94.5,90.90909576
Privada,573.6199951,85.6,86.20689392
Privada,598.0441895,94.1,95.55555725
Federal,595.4871826,86.4,88.61788177
Estadual,541.4365234,87.8,51.48514938
Estadual,550.0625000,84.6,53.33333588
Estadual,545.9776001,86.6,56.30252457
Estadual,577.7734375,82.0,57.14286041
Estadual,573.4729004,92.2,56.47059250
Estadual,550.7456055,76.7,56.66666794
Estadual,571.2485962,85.3,51.09489059
Estadual,533.6272583,93.5,51.56250000
Estadual,577.7066650,86.0,71.42857361
Estadual,546.3231812,84.1,68.31682587
Estadual,556.9058838,92.3,60.00000381
Estadual,567.9633179,83.3,51.72413635
Estadual,552.6055298,95.7,65.21739197
Estadual,539.1599731,91.0,59.52380753
Estadual,568.3303833,95.1,78.87323761
Estadual,551.0169678,80.5,74.68354797
Estadual,557.7307739,72.3,77.61193848
Estadual,558.8394165,76.2,76.47058868
Estadual,546.3829956,88.2,85.45454407
Estadual,608.3692017,72.4,50.00000000
Estadual,554.2229614,86.4,55.06328964
Estadual,562.6692505,89.4,52.00000000
Estadual,554.1655273,81.8,53.04877853
Estadual,559.7595215,95.0,77.77777863
Estadual,562.0999756,74.1,61.90476227
Estadual,576.1468506,62.8,68.08510590
Estadual,545.0444336,68.2,56.25000000
Estadual,557.5143433,79.5,70.14925385
Estadual,572.8962402,82.8,76.13169098
Estadual,573.8312378,89.0,51.61289978
Estadual,528.7020264,63.4,56.32184219
Estadual,551.7805176,72.3,51.89873505
Estadual,552.8155518,90.0,69.12751770
Estadual,576.6649780,67.9,55.55555725
Estadual,560.0791626,83.2,60.00000381
Municipal,592.0681763,79.9,84.61538696
Municipal,585.0428467,86.2,59.57446671
Privada,658.5636597,95.9,89.18918610
Privada,616.6958618,99.2,96.00000000
Privada,595.9723511,93.3,81.03448486
Privada,627.0925293,95.0,97.56097412
Privada,597.7684326,91.9,79.16667175
Privada,633.3116455,96.5,97.72727203
Privada,630.5938721,96.6,100.00000000
Privada,608.3214111,99.3,94.91525269
Privada,597.3095093,95.0,100.00000000
Privada,612.5192871,89.2,87.90322876
Federal,596.5740967,74.9,97.29730225
Estadual,489.6428528,98.2,58.33333206
Estadual,508.2077026,94.7,65.00000000
Estadual,525.0354004,75.3,56.85131073
Estadual,510.7435913,77.3,66.10169220
Estadual,544.5615234,100.0,65.00000000
Estadual,568.9699707,98.0,71.42857361
Estadual,551.8122559,84.5,67.85713959
Estadual,534.6272583,93.6,76.74418640
Estadual,544.3950195,92.5,50.00000000
Estadual,515.5755005,77.1,62.82051086
Estadual,518.4500122,95.3,55.55555725
Estadual,546.7084961,75.3,63.51351166
Privada,579.1900024,100.0,96.77419281
Federal,622.8524780,97.8,96.38554382
Estadual,542.3571167,91.5,58.33333206
Estadual,549.1767578,71.0,64.17910767
Estadual,537.9589844,84.2,58.20895386
Estadual,561.4444580,93.3,52.94117737
Estadual,579.9058838,81.3,69.38775635
Estadual,558.8369141,79.6,61.76470566
Estadual,538.2252197,81.9,69.48052216
Estadual,547.6405640,68.4,65.43209839
Estadual,550.0847168,78.0,66.29213715
Estadual,565.6517944,85.1,77.47252655
Estadual,548.7943115,75.6,60.91954041
Estadual,563.2352905,77.8,50.00000000
Estadual,530.5058594,75.5,53.96825790
Estadual,557.8699951,73.4,65.78947449
Estadual,559.6359253,73.0,69.84127045
Estadual,539.8650513,79.4,61.16504669
Estadual,559.3453979,75.5,75.11521149
Estadual,553.8438721,82.0,57.57575607
Estadual,548.5304565,69.8,69.69696808
Estadual,570.6493530,77.5,86.36363983
Estadual,523.5130615,82.3,63.88888931
Estadual,542.8660889,69.4,58.41584015
Estadual,557.8459473,67.2,50.00000000
Estadual,540.4513550,72.8,61.15702438
Estadual,559.5000000,60.0,58.33333206
Estadual,571.0999756,90.1,60.71428680
Estadual,560.8920288,87.4,76.08068848
Estadual,606.7264404,62.5,97.75280762
Estadual,555.8703003,82.5,58.73015976
Estadual,558.2714233,84.0,62.02531433
Estadual,519.1666870,94.2,70.58823395
Estadual,556.3266602,77.3,61.22449112
Estadual,554.3986816,66.0,63.11475754
Estadual,559.3568726,79.0,69.34306335
Estadual,564.7348022,94.2,92.00000000
Estadual,542.5727539,72.9,61.11111069
Estadual,543.7471924,50.4,56.98924637
Estadual,568.4302979,88.8,66.00000000
Estadual,577.3103638,89.3,76.31578827
Estadual,536.5785522,86.6,57.14286041
Estadual,553.8657227,88.0,72.48322296
Estadual,562.0132446,95.3,66.08187103
Estadual,555.8806152,83.3,62.00000000
Estadual,540.4901123,72.1,50.35461044
Privada,612.2000122,98.2,100.00000000
Privada,665.1721802,95.1,96.51741028
Privada,643.4684448,94.3,96.66666412
Privada,572.0523682,71.3,77.77777863
Privada,643.3040161,77.6,92.59259033
Privada,674.5431519,93.1,97.98657990
Privada,605.7095337,93.3,87.50000000
Privada,656.7249756,98.8,100.00000000
Privada,646.4638672,95.7,100.00000000
Privada,653.1660767,90.3,96.55171967
Privada,622.0714111,100.0,95.45454407
Estadual,545.7526245,93.6,54.28571701
Estadual,544.6712646,68.2,78.99160004
Estadual,549.5753784,65.5,58.26087189
Estadual,597.0722046,87.6,94.73684692
Estadual,544.9804077,85.4,62.16216278
Estadual,522.6531982,69.0,52.22222137
Estadual,568.9381104,86.8,67.74193573
Estadual,540.6754761,78.8,67.94871521
Estadual,543.9102783,88.1,60.00000381
Estadual,540.7161865,80.4,50.68492889
Estadual,546.9622803,81.2,54.95495224
Estadual,541.7589722,80.7,54.91329575
Estadual,580.6500244,98.1,62.50000000
Estadual,562.4333496,97.0,85.71428680
Estadual,537.9500122,93.2,64.00000000
Estadual,544.4255371,70.0,53.40909195
Privada,643.1826172,95.6,100.00000000
Municipal,556.8586426,82.3,89.23076630
Estadual,524.0737915,84.1,60.39603806
Estadual,549.5573730,91.7,67.25146484
Estadual,560.6218262,82.6,57.76699066
Estadual,521.9448242,74.0,55.76922989
Estadual,562.5800171,82.4,67.16417694
Estadual,536.6166382,96.3,52.17391205
Estadual,527.9718018,86.8,50.32257843
Estadual,552.3565063,94.8,86.51685333
Estadual,527.5595093,79.1,56.83452988
Estadual,520.5714111,89.9,50.00000000
Estadual,519.0083618,95.5,57.14286041
Estadual,527.5100098,86.8,52.63158035
Estadual,542.1242065,74.1,56.36363602
Estadual,562.3162842,87.7,83.06451416
Estadual,543.5651855,84.3,74.16666412
Estadual,532.2966919,82.3,56.50557709
Estadual,542.1127930,68.7,52.22222137
Estadual,522.4268799,77.3,57.75862503
Estadual,599.2836914,96.0,95.07041931
Estadual,539.7389526,83.1,58.99999619
Estadual,536.6068115,73.5,55.00000000
Estadual,550.4766235,90.0,70.61856079
Estadual,559.4500122,88.6,64.51612854
Estadual,555.2194824,81.6,68.14159393
Estadual,527.5000000,75.2,69.23077393
Estadual,556.4281006,82.2,51.61289978
Estadual,564.8236694,89.0,52.77777863
Estadual,565.6333618,94.9,65.51724243
Estadual,565.1036987,95.0,87.04454041
Estadual,537.8839722,72.0,51.72413635
Estadual,562.2750244,97.3,54.54545593
Estadual,560.3057861,87.4,75.36231995
Estadual,526.1400146,57.9,51.72413635
Estadual,530.4796753,74.9,59.25925827
Estadual,530.0454712,64.1,50.00000000
Estadual,573.7731934,82.9,71.92982483
Estadual,515.1500244,75.0,58.82353210
Estadual,517.3535156,84.3,50.00000000
Estadual,544.7546387,91.8,69.44444275
Estadual,532.2402344,67.6,59.87654495
Estadual,536.0551758,87.7,50.87719727
Estadual,523.8968506,82.1,58.18181610
Estadual,549.0153809,100.0,92.85713959
Estadual,529.8090820,82.5,65.34653473
Estadual,537.2734375,81.8,50.42735291
Estadual,548.7947998,78.1,50.43478012
Estadual,544.2507324,82.8,63.80952454
Privada,623.6346436,100.0,100.00000000
Privada,610.1221924,96.8,93.10344696
Privada,608.9343872,97.8,94.11764526
Privada,642.6186523,98.7,96.80850983
Privada,607.8153687,100.0,92.85713959
Privada,609.5267334,99.4,91.25000000
Privada,616.0037231,95.2,100.00000000
Privada,605.6772461,100.0,100.00000000
Estadual,554.4444580,84.6,58.06451416
Estadual,533.8666382,72.7,52.63158035
Estadual,537.5666504,97.0,68.18181610
Estadual,526.0333252,88.5,83.33332825
Estadual,541.0461426,81.9,65.00000000
Estadual,563.9192505,85.7,59.09090805
Estadual,555.6724854,69.6,57.14286041
Estadual,557.8146362,65.7,72.11538696
Estadual,540.7043457,81.2,50.54945374
Estadual,568.1414795,84.3,74.54545593
Estadual,552.1848755,77.4,56.89654922
Estadual,561.4309082,71.3,58.51063538
Estadual,574.1883545,80.2,68.25396729
Estadual,524.4583130,96.3,75.00000000
Estadual,536.7199707,75.8,66.66667175
Estadual,544.4466553,91.2,51.72413635
Estadual,557.5675659,74.3,53.46534729
Estadual,544.1342163,82.2,77.15736389
Estadual,551.6180420,74.8,72.17391205
Estadual,544.3533936,76.8,60.58823395
Estadual,554.9274292,84.0,70.68063354
Estadual,547.5037231,79.4,50.94339752
Estadual,540.0538330,88.4,52.00000000
Estadual,527.4749756,73.5,58.18181610
Municipal,530.6291504,83.1,55.81395721
Privada,559.8499756,100.0,69.23077393
Privada,613.5095215,90.0,100.00000000
Privada,613.7792969,90.1,100.00000000
Privada,670.7857056,95.6,100.00000000
Privada,639.4652100,94.1,92.00000000
Privada,626.5694580,97.1,97.29730225
Privada,632.8269043,96.1,92.85713959
Privada,600.4812622,100.0,100.00000000
Estadual,566.2520142,67.4,65.78947449
Estadual,566.4758911,73.7,50.87719727
Estadual,526.4000244,91.9,52.00000000
Estadual,568.4646606,68.8,74.62686157
Estadual,572.6235352,81.7,78.16091919
Estadual,557.2125244,90.0,50.00000000
Estadual,557.3083496,69.7,66.66667175
Estadual,553.5285645,65.4,58.33333206
Estadual,536.4226074,65.8,51.66666412
Estadual,582.1122437,90.5,89.07284546
Estadual,535.7590332,92.6,53.50876999
Estadual,559.6684570,81.5,85.63217926
Estadual,549.4486694,85.6,64.40678406
Estadual,581.2230835,97.8,50.00000000
Estadual,563.9252930,87.0,56.86274719
Privada,663.7780762,93.6,93.18181610
Privada,613.9880981,97.3,97.67441559
Privada,641.5888672,98.2,90.00000000
Privada,625.9489136,97.1,95.74468231
Privada,648.2461548,100.0,100.00000000
Estadual,547.8734741,86.9,65.67163849
Estadual,517.2077026,78.7,61.90476227
Estadual,552.2935791,81.4,68.24817657
Estadual,547.8809814,92.7,52.49999619
Estadual,565.5062256,75.8,53.33333588
Estadual,563.7461548,81.8,65.00000000
Estadual,540.7904053,75.0,64.88888550
Estadual,531.0932617,79.6,59.20000076
Privada,641.5038452,94.6,100.00000000
Privada,638.1176758,81.6,94.44444275
Privada,624.4833374,93.7,95.45454407
Privada,559.8636475,97.1,100.00000000
Estadual,559.0869141,93.9,75.30864716
Estadual,520.7578735,86.8,51.35134888
Estadual,528.5294189,81.9,73.91304016
Estadual,540.1774902,89.8,56.06060791
Estadual,523.5374756,97.2,53.93258286
Estadual,538.7236938,90.9,62.98077011
Estadual,549.2853394,88.7,50.61728287
Estadual,548.4136353,88.0,59.45946121
Estadual,530.9562378,84.4,55.17241287
Estadual,535.7521362,88.9,68.26922607
Estadual,515.1171265,93.1,58.82353210
Estadual,528.6213989,83.5,51.85185242
Estadual,551.6170654,75.8,57.74647522
Estadual,540.8814087,80.1,72.91667175
Estadual,535.6744995,83.4,71.27272797
Estadual,543.2307739,77.9,56.52173615
Estadual,532.1142578,79.5,72.41378784
Estadual,544.3619995,80.9,58.51851654
Estadual,542.4055786,90.9,70.58823395
Privada,633.7367554,88.7,100.00000000
Privada,585.4588013,96.1,89.47368622
Privada,600.2578735,99.1,83.82353210
Estadual,546.6769409,82.4,52.70270157
Estadual,573.7399902,92.9,60.24096680
Estadual,542.3699951,83.3,76.92308044
Estadual,560.1066895,84.8,71.42857361
Estadual,548.0097046,83.5,56.36363602
Estadual,557.4559937,80.8,70.92198944
Estadual,539.4980469,88.1,52.00000000
Estadual,527.0830688,72.8,54.62185287
Estadual,545.6219482,72.2,73.00000000
Estadual,546.8011475,60.0,60.56338120
Estadual,537.5928345,84.0,63.63636398
Estadual,531.5424194,73.7,61.11111069
Estadual,512.9697876,66.8,53.75000381
Estadual,633.4846191,92.0,100.00000000
Estadual,518.6909180,99.6,77.19297791
Estadual,551.1097412,96.0,72.00000000
Estadual,557.2041016,82.2,73.68421173
Estadual,579.1931152,90.2,66.66667175
Estadual,530.6616821,78.8,51.72413635
Estadual,548.4215088,77.1,56.70731735
Estadual,562.5418701,77.8,61.42856979
Estadual,552.0706177,88.7,53.12500000
Estadual,549.6142578,100.0,58.33333206
Privada,601.7817993,93.2,97.05882263
Privada,640.9941406,95.3,94.44444275
Privada,642.5458374,92.5,96.00000000
Privada,593.8333130,95.8,92.30769348
Estadual,572.0882568,91.3,80.95238495
Estadual,566.7865601,92.9,80.23952484
Estadual,559.4615479,91.8,72.22222137
Estadual,534.8250122,93.4,60.00000381
Estadual,567.5243530,94.0,53.62318802
Estadual,599.8224487,79.9,57.64706039
Estadual,554.5930786,90.7,78.37837982
Estadual,523.6476440,77.2,80.76922607
Estadual,562.5838623,70.5,59.61538696
Estadual,613.3958740,97.0,92.40505981
Estadual,556.1674805,78.8,53.33333588
Estadual,539.2836304,83.3,64.70588684
Estadual,564.0955811,83.9,68.18181610
Estadual,567.5516357,82.3,78.81356049
Estadual,570.2780762,78.0,82.03125000
Estadual,567.9756470,87.1,75.51020050
Estadual,559.6885986,64.4,59.68586349
Estadual,542.5300293,100.0,76.92308044
Estadual,552.6957397,88.6,66.19718170
Estadual,547.6361694,78.8,58.02469254
Estadual,549.3280029,90.5,83.33332825
Estadual,519.4170532,87.9,60.29411697
Estadual,540.9119263,75.4,54.54545593
Estadual,562.7680054,82.5,77.21518707
Estadual,552.1799927,85.1,55.55555725
Estadual,536.2561035,73.6,60.29411697
Estadual,556.7913818,84.0,77.50000000
Privada,640.9799805,98.7,100.00000000
Privada,637.8435059,97.0,88.46153259
Privada,661.5069580,95.8,97.72727203
Privada,611.8363647,96.8,88.00000000
Estadual,551.5161133,85.7,65.41353607
Estadual,557.3651123,77.0,57.75193405
Estadual,542.5845947,100.0,65.00000000
Estadual,544.6654053,85.1,75.36231995
Estadual,567.3937378,90.1,65.30612183
Estadual,543.9888916,87.3,55.75221252
Estadual,540.7021484,83.4,72.30769348
Estadual,567.0794067,74.7,58.11965942
Estadual,563.7256470,97.5,55.71428680
Estadual,549.4381104,81.0,60.00000381
Estadual,542.4666748,85.2,58.53658295
Estadual,542.0750122,81.4,73.97260284
Estadual,569.3523560,69.8,76.36363220
Estadual,571.8813477,81.3,68.40579224
Estadual,557.1793213,88.7,50.00000000
Estadual,556.6224976,92.7,63.49206543
Estadual,542.5384521,82.2,66.66667175
Municipal,589.4113770,87.2,83.43195343
Privada,645.5884399,100.0,100.00000000
Privada,608.7384644,97.0,72.22222137
Privada,647.8137817,92.6,96.66666412
Privada,616.2354126,94.0,94.11764526
Privada,644.4074707,97.0,95.23809814
Privada,653.6964111,95.4,96.55171967
Federal,698.3279419,90.4,96.25000000
Estadual,540.3592529,65.5,55.10203934
Estadual,548.1353760,92.3,61.90476227
Estadual,543.7114258,85.4,50.72463608
Estadual,502.2900085,96.4,66.66667175
Estadual,522.5041504,83.5,70.58823395
Estadual,544.1833496,83.7,63.15789032
Estadual,560.4407959,68.8,55.67567444
Estadual,547.4854126,80.9,61.53846359
Estadual,539.8816528,82.7,75.94936371
Estadual,553.3031006,90.7,69.56521606
Estadual,549.5404053,77.7,62.66666794
Estadual,538.2562256,86.2,55.17241287
Estadual,573.3944702,90.7,56.25000000
Estadual,560.7999878,81.4,84.78260803
Estadual,521.9868164,88.3,71.69811249
Estadual,545.0599976,84.3,53.57142639
Estadual,580.8854980,86.3,79.48718262
Estadual,535.9463501,79.8,57.74647522
Estadual,557.4962158,81.1,74.57627106
Estadual,552.8919067,80.3,83.98058319
Estadual,552.3980713,73.9,82.53968048
Estadual,552.5206909,89.9,82.85714722
Estadual,553.5646973,78.4,85.00000000
Privada,602.0200195,93.1,93.75000000
Privada,620.7312622,94.2,96.96969604
Privada,621.8454590,97.2,100.00000000
Privada,626.5227051,94.2,97.05882263
Privada,640.6432495,98.4,100.00000000
Estadual,551.6294556,92.8,68.34532928
Estadual,531.7227173,85.8,53.65853882
Estadual,544.9375000,92.4,52.17391205
Estadual,566.5883789,82.0,87.75510406
Estadual,556.4589844,72.0,54.92957687
Estadual,542.4454346,93.2,52.38095474
Estadual,530.8848267,84.6,60.00000381
Estadual,535.9378662,75.3,64.91228485
Estadual,564.5437622,91.1,57.14286041
Estadual,543.7421265,88.1,52.77777863
Municipal,579.1555786,79.8,72.00000000
Estadual,564.4578857,69.2,86.36363983
Estadual,581.2000122,73.8,82.41758728
Estadual,553.5114136,86.6,72.91667175
Estadual,564.7279053,55.5,81.88976288
Estadual,578.2910767,65.0,84.86486816
Estadual,541.5493774,55.3,71.29629517
Estadual,583.6500244,87.1,92.85713959
Estadual,530.3689575,74.4,67.44186401
Estadual,550.3827515,68.1,60.41666794
Estadual,567.5866089,87.9,53.59477234
Estadual,551.1124878,62.1,76.19047546
Municipal,536.9538574,89.6,81.25000000
Privada,627.6227417,98.4,100.00000000
Privada,634.8361206,90.7,100.00000000
Privada,591.3098145,93.7,96.22641754
Estadual,558.2680054,84.1,56.81818008
Estadual,541.5443115,82.4,58.56353760
Estadual,550.1193848,85.7,55.60538101
Estadual,560.8509521,95.6,69.73684692
Estadual,556.9953003,81.4,50.71770477
Estadual,543.8489380,83.8,58.02469254
Estadual,518.8285522,82.1,51.85185242
Estadual,538.4556885,77.9,55.00000000
Estadual,591.9452515,84.5,88.83928680
Privada,653.7857056,95.7,95.45454407
Privada,637.8793945,97.8,97.14286041
Estadual,489.1900024,80.8,71.42857361
Estadual,553.1950073,62.8,70.92510986
Estadual,542.2385864,65.8,61.58536530
Estadual,538.3384399,77.6,54.16666794
Estadual,531.8461304,60.6,59.09090805
Estadual,537.3146362,83.2,55.97014999
Estadual,507.5000000,76.7,72.22222137
Estadual,544.0863647,87.3,66.66667175
Estadual,531.8731689,84.9,62.12121201
Estadual,530.0479126,78.3,72.72727203
Estadual,552.6444702,81.8,62.23404312
Estadual,539.8684082,85.9,64.04494476
Estadual,535.0681763,86.4,50.00000000
Estadual,539.9859009,82.9,58.67768478
Estadual,551.9951782,77.2,56.56108856
Estadual,552.0336914,92.6,70.49180603
Estadual,534.9262085,81.2,51.85185242
Estadual,532.6561279,90.0,61.19403076
Estadual,532.6647339,69.9,68.00000000
Estadual,524.1272583,89.0,61.11111069
Estadual,566.1013794,73.4,86.04650879
Estadual,534.8346558,76.4,68.18181610
Estadual,572.0711670,83.3,76.41025543
Estadual,569.8305664,76.5,75.22123718
Estadual,553.5176392,85.9,70.83332825
Estadual,545.2671509,78.7,64.73429871
Privada,600.3437500,100.0,100.00000000
Privada,613.6933594,95.1,100.00000000
Privada,605.9333496,90.7,85.71428680
Privada,586.8333130,85.7,93.75000000
Privada,629.4863892,98.3,91.66667175
Privada,618.7685547,92.9,97.22222137
Privada,651.3485718,96.9,94.59458923
Privada,619.2937622,96.7,94.11764526
Estadual,530.2410278,85.1,68.34532928
Estadual,509.2999878,92.2,55.55555725
Estadual,502.0466614,92.3,50.00000000
Estadual,529.4363403,100.0,68.75000000
Estadual,557.0117798,79.0,51.51515198
Estadual,529.6480713,68.6,53.06122208
Estadual,519.2792969,90.1,60.41666794
Estadual,517.2105103,76.4,60.00000381
Estadual,548.1148682,78.0,60.65573883
Estadual,530.9655151,71.9,52.25225067
Estadual,552.3435669,80.7,59.61538696
Estadual,556.0182495,83.5,62.00000000
Estadual,524.6714478,89.7,50.90908813
Estadual,531.9823608,89.4,51.51515198
Estadual,526.7454834,89.2,51.16279221
Estadual,578.2387695,82.8,86.26865387
Estadual,540.1897583,65.3,54.16666794
Estadual,537.7899780,75.9,61.94690323
Estadual,522.2538452,84.4,54.16666794
Estadual,546.6492920,91.9,54.33070755
Privada,610.8599854,97.8,100.00000000
Privada,608.4235229,100.0,100.00000000
Privada,637.1875000,95.2,100.00000000
Privada,625.7777710,100.0,85.71428680
Federal,609.3454590,88.8,100.00000000
Estadual,558.2491455,77.8,57.86802292
Estadual,560.7407227,77.4,66.78445435
Estadual,551.6916504,78.0,60.00000381
Estadual,547.4871216,72.4,61.38613892
Estadual,539.4784546,81.0,58.58585739
Estadual,536.5351563,73.4,67.91045380
Estadual,536.0088501,81.8,58.24742126
Estadual,544.9281006,81.5,60.00000381
Estadual,548.8724976,81.7,54.05405045
Estadual,541.1123047,84.8,67.59259033
Estadual,527.7550049,75.9,55.17241287
Estadual,522.8848267,55.7,62.26414871
Estadual,559.0852051,92.1,75.00000000
Estadual,537.4874878,95.4,57.14286041
Estadual,555.4071655,83.5,60.86956406
Estadual,537.8868408,87.4,69.09091187
Estadual,553.2766113,85.5,70.86093140
Estadual,576.1697388,81.9,75.69444275
Estadual,555.3104248,87.8,73.84615326
Estadual,538.8411865,60.2,58.11965942
Estadual,559.1105347,88.2,81.72413635
Estadual,550.8400269,62.9,60.74766541
Estadual,562.7050171,76.1,54.05405045
Estadual,545.3116455,85.8,56.57894516
Estadual,582.1860962,92.2,91.86046600
Estadual,548.8952637,83.5,67.74193573
Privada,570.9611206,84.3,100.00000000
Privada,605.1857300,93.5,96.55171967
Privada,595.6624756,95.5,88.88889313
Privada,588.8076782,96.3,100.00000000
Privada,653.4978638,98.3,78.33333588
Privada,630.1021118,98.6,90.38461304
Privada,571.3125000,100.0,84.21052551
Privada,626.3905640,98.6,85.48387146
Privada,567.3892822,100.0,82.35294342
Privada,645.2465210,98.2,94.50549316
Federal,608.3515625,94.8,80.50847626
Estadual,553.0636597,89.2,57.89473724
Estadual,553.3756714,82.5,66.07142639
Estadual,537.9169922,76.1,57.73195648
Estadual,545.1043091,88.2,81.52866364
Estadual,563.5684204,81.5,66.66667175
Estadual,551.9000244,82.7,61.76470566
Estadual,547.6465454,70.1,59.83606720
Estadual,514.8046265,71.8,52.76073837
Estadual,546.5973511,82.7,65.31791687
Estadual,518.8805542,71.1,56.25000000
Estadual,547.7627563,58.6,70.06369019
Estadual,544.3671265,69.0,71.69811249
Estadual,565.9151001,64.4,76.81159210
Estadual,552.2845459,53.5,69.18238831
Estadual,574.1658936,63.8,89.79591370
Estadual,584.8224487,67.3,84.40111542
Estadual,536.0946045,74.7,60.98900986
Estadual,550.0750122,68.2,76.76767731
Estadual,594.4279785,90.0,87.59936523
Estadual,560.9943848,79.5,81.25000000
Estadual,530.4754639,62.4,60.63829803
Estadual,533.9247437,77.6,82.40740967
Estadual,549.5736694,54.4,71.15384674
Estadual,561.4652100,78.1,85.66037750
Estadual,538.9056396,64.7,69.73684692
Estadual,555.1641235,67.5,60.93750000
Estadual,579.7955322,85.0,85.23207092
Estadual,563.0206909,69.9,73.29843140
Estadual,565.8333130,86.0,80.00000000
Estadual,558.5750122,65.7,63.36633682
Estadual,575.2502441,69.4,77.89115906
Estadual,541.8212891,59.2,61.03895950
Estadual,560.3567505,67.6,67.97386169
Estadual,561.8884277,67.6,80.13244629
Estadual,546.1508179,70.3,60.00000381
Estadual,567.9215698,74.2,58.62068939
Privada,584.3150024,93.0,90.90909576
Privada,618.1719971,94.9,92.59259033
Privada,654.0346069,92.9,100.00000000
Privada,646.7073975,91.8,90.00000000
Privada,648.6709595,95.3,91.17646790
Privada,645.5212402,98.1,98.50746155
Federal,590.2214966,81.5,90.67796326
Estadual,546.1066895,80.1,65.21739197
Estadual,550.6696777,71.2,70.45454407
Estadual,507.2319946,81.9,73.52941132
Estadual,553.5444336,85.7,75.00000000
Estadual,537.8107300,73.4,50.00000000
Estadual,536.4491577,89.4,55.96330261
Estadual,521.7333374,84.1,61.95652008
Estadual,543.8683472,83.8,68.96551514
Estadual,531.5114136,75.5,57.85123825
Estadual,542.5261841,80.0,62.06896210
Estadual,552.4947510,72.6,50.66666412
Estadual,543.6243286,81.0,53.79310226
Estadual,554.3571167,96.5,75.00000000
Estadual,540.7817993,79.8,50.00000000
Estadual,548.9892578,82.8,51.37614441
Estadual,542.9568481,85.1,56.04396057
Estadual,503.7546692,85.9,72.11538696
Estadual,527.5250244,87.7,50.00000000
Estadual,547.7597046,73.5,56.25000000
Estadual,535.9306030,79.2,50.00000000
Estadual,566.5256958,82.4,53.84615707
Estadual,552.2633057,79.0,70.58823395
Estadual,543.6730957,81.3,71.55963135
Estadual,558.6881714,89.1,62.83783722
Estadual,567.5700684,79.7,60.45197678
Estadual,533.5904541,92.1,62.66666794
Estadual,541.5000000,97.5,62.50000000
Estadual,531.7166748,78.0,60.00000381
Estadual,596.0187378,94.5,61.53846359
Estadual,541.1166382,90.0,56.14035034
Estadual,565.1381836,79.1,66.26506042
Estadual,560.8548584,88.3,59.61538696
Estadual,529.6762085,79.9,59.15492630
Estadual,549.7237549,96.4,58.82353210
Estadual,531.2235107,81.7,53.12500000
Estadual,563.1166382,87.0,58.06451416
Estadual,553.4923096,96.9,76.47058868
Estadual,525.8933105,93.1,75.00000000
Estadual,556.6184082,80.8,73.09416962
Estadual,559.5310669,89.7,75.73529816
Estadual,550.8473511,77.7,60.31746292
Estadual,552.8615112,77.0,59.09090805
Estadual,556.3129272,79.6,66.52360535
Estadual,562.1849976,89.5,51.28205490
Estadual,557.9406738,93.6,80.37383270
Estadual,552.7851563,79.0,50.46728897
Estadual,532.8070679,73.9,56.80000305
Privada,633.7196045,94.5,98.07691956
Privada,606.8555298,91.1,92.30769348
Privada,610.5825806,98.7,97.87233734
Privada,616.1422119,97.0,97.82608795
Privada,611.6300049,89.7,90.90909576
Privada,590.2760010,95.6,92.59259033
Privada,621.0100098,94.8,74.07407379
Privada,643.3259277,89.7,96.42857361
Privada,646.9256592,97.1,94.87179565
Privada,596.4299927,80.8,100.00000000
Privada,620.5736694,100.0,95.00000000
Privada,649.5354614,98.7,100.00000000
Privada,605.0980225,91.0,92.72727203
Privada,654.2093506,92.4,100.00000000
Privada,613.6413574,98.5,100.00000000
Federal,600.4901123,83.2,92.85713959
Estadual,553.3936768,85.0,58.87850571
Estadual,550.8789673,87.8,57.57575607
Estadual,563.6615601,75.5,59.09090805
Estadual,564.4958496,83.5,51.06383133
Estadual,553.5880127,87.6,60.97561264
Estadual,554.5644531,70.4,62.50000000
Estadual,555.2289429,93.1,65.51724243
Estadual,561.4941406,86.8,67.10526276
Estadual,544.0366211,88.9,62.83185959
Estadual,532.4975586,92.1,64.06250000
Estadual,595.5935669,70.6,53.44827652
Estadual,570.1617432,77.8,75.55555725
Estadual,560.2920532,67.8,53.84615707
Estadual,572.6817017,70.1,77.90697479
Estadual,558.8736572,90.4,63.33333206
Estadual,563.5888672,89.3,69.23077393
Estadual,561.3931885,69.3,70.30567169
Estadual,556.1047363,78.2,52.49999619
Municipal,596.8411865,79.1,96.59090424
Privada,595.2391357,94.1,100.00000000
Privada,667.2346191,95.9,96.29629517
Privada,651.3191528,97.3,98.64865112
Privada,599.5499878,91.0,92.30769348
Estadual,554.3629761,79.1,54.00000381
Estadual,526.9448242,87.3,54.71697998
Estadual,530.6799927,74.0,53.09734344
Estadual,545.0090942,85.1,68.75000000
Estadual,523.1282349,82.3,51.31579208
Estadual,547.9238892,77.6,50.54945374
Estadual,571.2849121,72.4,79.91071320
Estadual,547.8528442,85.3,51.45630646
Estadual,540.6550293,72.3,74.07407379
Estadual,549.1533203,82.5,55.55555725
Estadual,576.4326172,89.9,85.77777863
Estadual,558.3865967,88.4,86.63793182
Estadual,601.5704956,94.2,88.63636017
Estadual,554.7500000,65.8,66.11569977
Estadual,545.6860962,89.4,67.52136993
Estadual,544.7284546,80.7,63.55932236
Estadual,542.4735107,79.5,54.83871078
Estadual,577.1727295,98.3,55.00000000
Estadual,517.8818359,97.1,82.50000000
Estadual,508.7922974,88.5,81.25000000
Estadual,536.7182007,77.4,78.57142639
Estadual,529.2916870,85.3,52.17391205
Estadual,572.8880005,83.0,93.36734772
Estadual,539.6131592,71.5,65.07936859
Privada,609.6090698,98.6,88.00000000
Privada,638.5187378,94.3,94.11764526
Privada,625.4442749,92.1,85.86956024
Privada,598.7666626,98.8,72.41378784
Privada,616.7558594,92.5,79.06977081
Privada,573.0620728,97.2,70.73170471
Privada,651.9699097,92.8,99.43502808
Privada,600.3809814,100.0,95.45454407
Privada,626.7843628,96.9,96.96969604
Privada,654.0292969,98.2,99.19355011
Privada,610.4888916,91.0,100.00000000
Estadual,548.0944214,90.2,56.25000000
Estadual,549.1526489,89.8,54.28571701
Estadual,549.3146362,86.8,51.44508362
Estadual,505.5733337,76.6,53.57142639
Estadual,577.2800293,92.2,64.10256958
Estadual,558.4739380,83.5,66.77018738
Estadual,551.9428711,74.1,73.68421173
Estadual,564.7844238,78.6,67.39130402
Estadual,570.1682739,83.3,69.49152374
Estadual,532.2133179,90.8,75.00000000
Estadual,550.3615112,88.2,67.53247070
Estadual,577.3341064,90.2,91.66667175
Estadual,557.4105225,93.4,52.77777863
Estadual,549.6147461,73.7,65.06849670
Estadual,562.7500000,83.5,91.42857361
Estadual,553.5103760,81.2,66.37931061
Estadual,550.1687622,87.8,59.25925827
Estadual,567.6272583,94.3,84.61538696
Estadual,583.4895020,93.9,67.85713959
Privada,619.4000244,98.1,90.90909576
Privada,626.9147339,97.4,97.14286041
Privada,632.5431519,97.5,97.77777863
Municipal,566.8699951,91.7,89.55223846
Privada,646.9099731,98.1,76.92308044
Estadual,547.2824707,96.0,65.57376862
Estadual,528.5660400,74.4,65.43209839
Estadual,521.1152344,74.8,59.74025726
Estadual,560.6857300,80.0,73.68421173
Estadual,513.9214478,63.2,77.77777863
Estadual,533.6010742,65.6,66.42335510
Estadual,547.9097290,53.4,77.35848999
Estadual,552.9561157,57.2,65.07936859
Estadual,535.1312256,91.9,57.65765762
Municipal,556.7776489,75.4,88.54167175
Privada,619.4353027,96.8,100.00000000
Privada,634.4187622,92.2,100.00000000
Estadual,560.7043457,90.9,52.27272415
Estadual,535.8731689,78.6,56.94444275
Estadual,540.8172607,80.0,65.31531525
Estadual,542.8769531,83.3,55.31914902
Estadual,542.7973633,80.8,52.05479431
Estadual,545.9578857,79.7,52.77777863
Estadual,576.3699951,98.4,66.66667175
Estadual,542.9190674,84.3,50.00000000
Privada,588.9071655,100.0,73.68421173
Privada,621.9561157,93.5,97.61904144
Estadual,549.4619141,86.0,71.18643951
Estadual,513.0999756,100.0,55.55555725
Estadual,555.3070679,89.9,82.94117737
Estadual,558.1986694,76.7,65.48672485
Estadual,559.0932007,81.9,67.76315308
Estadual,537.9227295,82.9,73.33333588
Privada,637.1615601,97.6,100.00000000
Estadual,535.5057373,81.5,72.91667175
Estadual,570.3031006,72.1,74.28571320
Estadual,555.6784668,71.3,77.85234833
Estadual,540.4138794,92.2,65.45454407
Estadual,554.0458374,93.0,57.59999847
Estadual,530.7236328,90.1,77.46479034
Estadual,570.6661987,91.4,56.34920502
Estadual,538.8461304,90.0,81.25000000
Estadual,514.7999878,93.4,83.33332825
Estadual,543.9979858,77.8,54.34782410
Estadual,531.1891479,67.8,60.52631760
Estadual,556.4716187,77.8,80.31088257
Estadual,618.9807129,88.8,96.61016846
Estadual,551.7315674,75.3,55.32544327
Estadual,564.7758789,93.2,54.71697998
Estadual,545.5189209,96.0,57.81250000
Estadual,521.1892090,81.6,67.27272797
Estadual,559.2733154,85.6,57.69230652
Estadual,537.5274658,89.5,73.91304016
Privada,628.2355347,98.8,95.74468231
Privada,646.7906494,93.9,100.00000000
Privada,585.2424316,97.0,100.00000000
Privada,653.5031738,99.5,100.00000000
Privada,612.7161255,100.0,100.00000000
Estadual,535.6058960,82.3,50.00000000
Estadual,545.0963135,82.7,68.10035706
Privada,597.5633545,84.2,86.43215942
Privada,590.7764893,92.9,100.00000000
Privada,649.4545288,90.1,100.00000000
Privada,607.0421143,92.2,97.43589783
Privada,603.5117798,95.2,100.00000000
Privada,612.4916382,97.8,92.30769348
Privada,608.7999878,98.5,100.00000000
Privada,636.5250244,95.6,100.00000000
Privada,571.9982910,97.4,73.75000000
Estadual,567.9625244,79.2,64.00000000
Estadual,543.4788818,90.1,55.03876114
Estadual,548.7399902,82.6,52.63158035
Estadual,558.0674438,70.8,55.12820435
Estadual,522.2792969,90.0,66.86746979
Estadual,542.3782349,96.0,53.48837280
Privada,583.2637939,96.2,86.25000000
Privada,615.2461548,98.0,86.66666412
Estadual,548.4333496,84.3,66.14173126
Estadual,553.2886963,70.8,81.57894897
Privada,598.1944580,96.8,94.73684692
Privada,600.7500000,97.4,78.26087189
Privada,668.3656006,80.1,92.75362396
Privada,661.3580933,94.0,100.00000000
Privada,610.4483643,95.4,86.11110687
Estadual,552.0903931,77.6,65.85366058
Estadual,542.5755005,84.9,63.63636398
Estadual,551.0142822,85.3,63.63636398
Estadual,552.0839844,96.6,69.44444275
Privada,637.8105469,91.7,100.00000000
Privada,613.0156250,99.1,91.42857361
Estadual,548.0399780,83.3,53.89221191
Estadual,544.2333374,83.3,58.06451416
Privada,638.5937500,97.0,88.88889313
Privada,573.4909058,79.5,91.66667175
Privada,652.3168335,97.1,95.28302002
Privada,610.8468628,93.8,94.11764526
Privada,621.9699707,98.2,83.33332825
Privada,624.9666748,100.0,93.75000000
Privada,623.5291748,97.6,80.00000000
Privada,619.5166626,89.4,94.73684692
Privada,596.4500122,100.0,90.90909576
Municipal,568.5551758,78.7,74.35897827
Municipal,571.6282349,86.8,82.14286041
Municipal,553.8684082,63.5,77.55101776
Privada,603.7600098,97.3,100.00000000
Privada,629.9941406,98.1,100.00000000
Privada,648.0399780,99.0,97.22222137
Estadual,542.0097046,93.9,59.61538696
Federal,629.4202881,74.3,96.96969604
Privada,633.1909180,88.9,100.00000000
Privada,615.2846069,98.1,96.29629517
Privada,632.7857056,89.6,87.50000000
Privada,618.5454712,100.0,100.00000000
Privada,606.4400024,96.8,95.23809814
Privada,631.3208618,92.8,100.00000000
Privada,648.5300293,98.6,95.23809814
Privada,595.2700195,97.0,95.23809814
Privada,597.1190186,100.0,95.45454407
Privada,615.1199951,100.0,95.23809814
Privada,634.2454834,86.7,91.66667175
Privada,607.9973755,82.8,92.68292999
Privada,652.1933594,97.8,93.75000000
Privada,641.7266846,92.2,96.77419281
Privada,606.5050049,85.1,95.23809814
Estadual,534.3766479,88.8,81.08107758
Federal,581.2509766,90.5,98.05194855
Estadual,545.9260254,85.5,71.94245148
Municipal,542.3823242,68.8,70.83332825
Privada,614.5206909,96.9,93.33333588
Privada,624.0230713,94.3,100.00000000
Privada,611.6368408,100.0,90.47618866
Privada,610.4136353,74.0,95.65217590
Privada,607.6286011,95.9,95.45454407
Federal,643.1752930,63.7,95.29412079
Privada,642.3312378,90.6,88.88889313
Estadual,520.5833130,91.6,61.22449112
Privada,610.0590820,100.0,95.65217590
Privada,643.9160156,97.3,96.15384674
Privada,629.1678467,95.2,96.55171967
Privada,630.8666382,95.9,96.77419281
Estadual,539.4320679,85.3,69.64286041
Privada,598.3599854,96.8,86.95652008
Privada,603.7254028,95.7,95.16128540
Estadual,538.7262573,71.7,55.96330261
Privada,602.1221924,83.6,100.00000000
Privada,643.0631104,92.8,98.38710022
Federal,599.8693237,94.0,96.61016846
Privada,614.2899780,87.8,100.00000000
Privada,617.4363403,100.0,91.66667175
Privada,628.8646240,97.6,88.97637939
Privada,639.5983276,96.1,97.56097412
Privada,620.4782715,81.9,92.00000000
Privada,650.7594604,95.9,96.10389709
Privada,646.4650879,92.5,86.00000000
Privada,651.7999878,100.0,100.00000000
Federal,671.9957886,86.1,95.32908630
Privada,660.6346436,82.4,100.00000000
Privada,598.3052368,98.1,79.16667175
Privada,605.6304321,94.2,95.83332825
Privada,645.3019409,93.9,94.44444275
Privada,612.2700195,77.6,90.90909576
Privada,613.0999756,91.3,93.75000000
Privada,605.1699829,98.3,86.95652008
Estadual,507.4249878,86.0,52.63158035
Privada,605.8454590,83.3,95.65217590
Estadual,545.0645752,91.4,57.24637604
Privada,569.8655396,98.9,90.62500000
Privada,581.6210327,98.6,95.00000000
Privada,578.3272705,100.0,100.00000000
Privada,595.2307739,95.5,92.85713959
Privada,625.0142822,98.4,100.00000000
Privada,646.5922852,98.1,92.85713959
Estadual,559.6695557,86.9,53.48837280
Privada,572.9091187,100.0,91.66667175
Privada,600.3110962,100.0,96.42857361
Federal,610.9296265,"",95.15418243
Privada,645.8499756,96.2,88.88889313
Estadual,571.3524780,77.0,75.00000000
Privada,596.8140259,90.5,90.47618866
Estadual,550.5313721,92.1,72.04301453
Privada,628.3384399,97.6,96.29629517
Privada,610.8769531,91.4,100.00000000
Privada,587.1142578,94.1,82.35294342
Privada,625.0866699,97.7,100.00000000
Privada,577.7333374,100.0,85.71428680
Privada,642.4799805,100.0,90.90909576
Estadual,504.2000122,76.3,63.15789032
Privada,667.2938232,97.5,97.97979736
Privada,638.7000122,92.7,100.00000000
Privada,601.4916382,94.2,100.00000000
Privada,635.8060303,100.0,94.28571320
Privada,576.7315674,98.5,100.00000000
Privada,648.0809326,81.3,95.45454407
Estadual,572.9359131,84.0,61.53846359
Privada,594.3034668,90.0,93.54838562
Privada,588.9000244,97.0,100.00000000
Privada,641.4730225,97.6,91.55844116
Privada,635.9414063,96.4,85.29411316
Privada,625.6142578,100.0,87.50000000
Privada,604.0384521,100.0,86.66666412
Privada,605.6346436,90.2,96.29629517
Privada,597.8352661,98.3,85.00000000
Privada,679.0666504,93.7,98.01980591
Privada,604.8812256,98.6,76.19047546
Privada,578.7479858,100.0,100.00000000
Privada,602.8470459,95.5,70.83332825
Privada,634.6683960,100.0,86.36363983
Privada,637.0111084,93.4,90.00000000
Privada,523.2916870,91.7,92.30769348
Privada,586.1749878,83.2,84.21052551
Privada,605.9444580,95.1,90.00000000
Privada,610.2966919,88.5,95.23809814
Privada,601.1199951,98.8,90.90909576
Estadual,561.4577026,86.5,63.41463470
Privada,656.1599731,93.2,95.23809814
Privada,591.7272949,89.1,100.00000000
Federal,657.1925659,96.4,94.94949341
Privada,546.2533569,69.4,83.33332825
Estadual,536.1471558,60.8,59.55056000
Privada,610.5000000,98.3,94.73684692
Estadual,555.4428711,81.1,60.26490402
Privada,596.1633301,95.1,93.75000000
Privada,608.1090698,100.0,91.66667175
Privada,622.5999756,97.1,100.00000000
Privada,598.7352905,90.3,91.89189148
Privada,659.0610962,88.7,85.71428680
Privada,622.6616821,98.7,94.00000000
Privada,606.2182007,97.4,100.00000000
Privada,598.7333374,98.4,90.00000000
Privada,621.4277954,97.3,85.71428680
Estadual,568.5317993,90.4,68.93617249
Privada,588.0184937,94.7,84.37500000
Privada,585.1681519,95.8,78.57142639
Privada,564.3857422,100.0,93.33333588
Privada,610.5466919,98.8,93.75000000
Privada,635.3970337,97.9,95.77465057
Privada,577.0166626,98.9,94.73684692
Privada,641.6812744,100.0,100.00000000
Privada,604.5200195,100.0,100.00000000
Estadual,548.3629761,82.9,69.23077393
Privada,569.3800049,94.7,90.90909576
Privada,570.3129272,86.9,79.48718262
Privada,618.3312378,100.0,100.00000000
Privada,588.3649902,100.0,95.23809814
Privada,611.4058838,96.2,94.44444275
Privada,586.2333374,89.0,80.76922607
Privada,654.0048218,88.4,100.00000000
Privada,632.9708252,98.2,100.00000000
Estadual,523.8142700,93.0,66.66667175
Privada,586.0928345,100.0,87.50000000
Privada,628.1217651,93.8,92.00000000
Privada,648.7461548,100.0,92.85713959
Privada,597.2000122,97.3,94.11764526
Privada,586.8624878,96.8,88.88889313
Estadual,590.2347412,94.2,91.13923645
Privada,621.3905029,98.1,100.00000000
Privada,658.6928711,86.9,82.35294342
Privada,633.2607422,93.2,96.39640045
Federal,665.7509766,96.1,94.54545593
Privada,605.3214111,91.8,93.33333588
Privada,587.3499756,94.4,92.85713959
Privada,616.9923096,88.2,92.85713959
Privada,665.6655273,98.5,97.75280762
Privada,630.0000000,93.3,94.11764526
Privada,631.2166748,96.6,94.73684692
Privada,672.2750244,93.8,100.00000000
Privada,623.3933105,94.3,83.33332825
Federal,646.8303833,90.8,96.15384674
Privada,633.2066650,95.0,100.00000000
Privada,616.0599976,100.0,100.00000000
Privada,576.4666748,60.0,93.75000000
Privada,596.3583374,97.7,92.30769348
Privada,596.5999756,98.0,84.61538696
Privada,585.0999756,97.7,100.00000000
Privada,647.1066895,97.7,88.23529816
Privada,597.1060791,94.5,89.18918610
Privada,608.9307861,100.0,86.66666412
Privada,631.9749756,95.2,100.00000000
Privada,616.9749756,100.0,100.00000000
Privada,616.7800293,100.0,83.33332825
Privada,646.0097046,99.3,95.38461304
Privada,550.1333618,96.9,100.00000000
Estadual,559.4375000,62.8,50.00000000
Privada,557.4013672,92.1,83.14606476
Privada,615.8461304,93.1,97.01493073
Estadual,553.4666748,93.8,80.00000000
Privada,602.8437500,98.4,94.11764526
Estadual,546.7269287,83.5,70.27027130
Estadual,592.6599731,96.9,76.92308044
Estadual,565.5190430,100.0,52.49999619
Estadual,563.6409302,90.3,83.54430389
Estadual,575.2249756,77.5,70.58823395
Estadual,541.8923340,80.9,50.00000000
Estadual,487.0071411,81.1,50.00000000
Privada,575.4600220,100.0,100.00000000
Privada,573.0428467,98.1,87.50000000
Privada,641.9233398,98.9,97.82608795
Privada,655.7307739,98.8,100.00000000
Estadual,623.8796997,79.1,94.11764526
Estadual,591.5276489,91.2,88.88889313
Estadual,591.0937500,88.4,95.23809814
Estadual,595.4938354,95.2,91.01123810
Privada,586.8631592,80.0,90.47618866
Estadual,543.1381226,91.3,55.26315689
Privada,647.1756592,84.8,94.87179565
Privada,600.3090820,95.2,91.66667175
Privada,645.5930786,94.0,100.00000000
Privada,654.0971680,93.3,100.00000000
Privada,636.9555664,100.0,94.73684692
Estadual,583.3687744,82.3,55.17241287
Privada,594.1954346,95.7,84.61538696
Privada,617.1749878,88.8,86.95652008
Estadual,534.3649902,85.5,50.00000000
Privada,627.6500244,94.4,93.33333588
Privada,610.9906006,76.1,96.96969604
Privada,577.6900024,100.0,100.00000000
Privada,595.4227295,100.0,81.48148346
Privada,628.8959961,97.7,92.59259033
Estadual,556.4783936,73.0,52.85714340
Privada,610.9108276,97.2,97.36841583
Privada,641.2727051,95.6,100.00000000
Estadual,501.9580688,97.1,72.09302521
Privada,621.7642822,95.0,100.00000000
Privada,620.3545532,100.0,100.00000000
Privada,592.8105469,95.3,90.47618866
Privada,579.2848511,77.6,71.73912811
Privada,613.1527710,94.6,97.29730225
Privada,553.9000244,100.0,95.00000000
Municipal,564.4749756,90.3,82.05128479
Municipal,556.1384888,86.3,55.71428680
Privada,577.5545654,96.2,100.00000000
Privada,595.0357056,100.0,87.50000000
Privada,600.6900024,93.8,100.00000000
Privada,597.5588379,94.7,85.00000000
Privada,607.5305786,97.4,97.29730225
Privada,608.6599731,97.5,100.00000000
Privada,629.7800293,91.1,100.00000000
Privada,596.6681519,98.1,100.00000000
Privada,643.6340942,87.9,98.47328186
Estadual,555.4199829,84.4,50.00000000
Privada,599.4000244,100.0,92.30769348
Estadual,559.9671021,86.7,61.65413284
Estadual,527.7727051,65.2,61.11111069
Privada,671.1829224,98.1,95.34883118
Privada,618.2809448,95.7,100.00000000
Privada,644.0952148,93.3,93.03797150
Estadual,556.4631348,93.4,51.35134888
Estadual,563.6507568,85.6,80.72289276
Privada,584.4952393,98.9,84.00000000
Privada,627.9935303,96.4,100.00000000
Privada,637.3907471,95.0,96.42857361
Privada,630.4000244,98.8,96.15384674
Privada,625.2730713,88.7,89.65517426
Privada,620.0333252,85.1,92.30769348
Privada,607.3800049,100.0,83.33332825
Estadual,533.7035522,86.9,60.86956406
Estadual,534.6799927,90.9,65.21739197
Estadual,528.8076782,80.3,65.00000000
Estadual,556.0567627,87.3,63.79310608
Estadual,583.0307617,89.7,56.52173615
Estadual,538.6789551,85.3,82.60869598
Privada,629.6272583,94.5,97.05882263
Privada,628.9724121,97.1,96.66666412
Privada,583.1545410,96.3,84.61538696
Privada,601.9071655,90.3,87.50000000
Privada,590.6599731,100.0,76.92308044
Privada,615.1599731,92.7,83.33332825
Privada,587.0142822,100.0,90.32257843
Privada,541.5153809,100.0,92.85713959
Privada,620.2194214,93.2,100.00000000
Privada,635.3743286,82.7,97.50000000
Privada,632.9548340,96.2,91.17646790
Privada,567.9000244,100.0,100.00000000
Privada,639.7416382,96.7,100.00000000
Privada,608.7533569,97.6,93.75000000
Privada,631.4789429,97.1,88.37209320
Privada,617.6079712,99.0,100.00000000
Privada,593.9727173,96.1,91.66667175
Estadual,558.1314697,64.5,70.07874298
Privada,632.7692261,93.5,100.00000000
Privada,593.4066772,95.4,88.23529816
Privada,665.8973389,97.0,100.00000000
Privada,622.1718750,88.2,100.00000000
Privada,624.4625244,83.3,94.11764526
Privada,629.8959961,81.7,100.00000000
Privada,649.6250000,96.3,94.54545593
Estadual,587.6389160,94.3,56.25000000
Estadual,566.9899902,74.6,51.28205490
Estadual,512.2833252,91.2,60.00000381
Estadual,494.3166809,77.6,63.15789032
Estadual,565.7733154,87.1,62.50000000
Estadual,582.7583618,95.7,52.17391205
Estadual,605.7148438,93.0,96.42857361
Privada,608.8356934,97.2,93.33333588
Privada,557.4538574,100.0,92.85713959
Privada,636.9714355,98.0,91.30435181
Privada,618.4384766,84.9,96.29629517
Privada,607.7899780,95.0,90.90909576
Privada,601.3580933,93.5,88.57142639
Privada,574.6643066,97.8,93.33333588
Privada,614.7235107,100.0,85.00000000
Privada,625.2863770,95.4,100.00000000
Federal,664.6958618,77.6,98.63013458
Privada,691.7438965,96.0,94.25286865
Privada,672.0700073,98.5,86.95652008
Federal,650.2039185,84.3,100.00000000
Privada,580.0785522,100.0,82.35294342
Privada,546.6400146,65.0,90.90909576
Federal,611.1661987,65.6,98.55072784
Privada,668.0047607,91.4,100.00000000
Privada,617.5562744,95.1,100.00000000
Privada,600.5545654,88.2,100.00000000
Estadual,530.9799805,92.5,55.55555725
Estadual,526.2199707,57.3,64.51612854
Estadual,568.8307495,90.2,65.00000000
Estadual,544.2000122,76.0,57.69230652
Estadual,509.8315735,86.7,59.37500000
Estadual,557.8992310,78.8,55.75221252
Estadual,524.0722046,95.9,50.00000000
Estadual,539.6867676,70.8,56.19834518
Privada,636.4749756,90.6,100.00000000
Privada,636.9077148,100.0,92.85713959
Privada,600.8350220,"",95.23809814
Privada,598.4658813,96.0,89.79591370
Privada,594.1666870,95.0,100.00000000
Privada,561.3214111,94.3,100.00000000
Privada,589.1699829,94.1,95.23809814
Privada,599.6130371,94.6,85.18518829
Privada,625.7268066,91.9,100.00000000
Privada,590.2434692,100.0,92.00000000
Estadual,549.3757935,60.7,50.80214310
Estadual,555.6846313,100.0,54.16666794
Privada,614.8166504,100.0,92.30769348
Estadual,560.5999756,88.2,63.15789032
Privada,615.8379517,89.8,90.62500000
Estadual,550.2758789,72.1,63.84615326
Estadual,527.4727173,78.1,52.38095474
Estadual,569.5454712,96.1,57.89473724
Privada,592.7846069,91.2,92.85713959
Privada,590.0324707,97.7,93.02326202
Privada,657.2647095,96.3,100.00000000
Privada,567.6727295,100.0,78.57142639
Privada,587.2296143,70.1,81.81818390
Privada,650.6500244,83.6,94.73684692
Privada,542.7399902,93.7,78.12500000
Privada,601.1592407,100.0,96.42857361
Privada,626.0845947,98.6,92.85713959
Privada,649.6278076,97.2,96.42857361
Privada,572.9083252,93.8,100.00000000
Privada,671.3499756,95.2,100.00000000
Privada,661.7139282,96.1,98.75000000
Privada,641.2199707,100.0,100.00000000
Federal,644.3052368,93.7,98.96907043
Federal,609.0092773,90.5,98.85057068
Federal,613.5808105,79.0,92.40505981
Federal,569.7020874,83.8,94.11764526
Privada,623.2100220,95.5,100.00000000
Estadual,560.7999878,77.9,58.82353210
Privada,638.7547607,95.3,94.05941010
Privada,633.4799805,93.3,93.75000000
Estadual,527.9281616,79.7,63.96396255
Privada,641.0069580,93.8,97.72727203
Privada,588.5595093,94.8,97.67441559
Privada,602.9680176,88.9,92.59259033
Federal,611.7190552,97.4,100.00000000
Federal,647.9192505,91.8,96.29629517
Federal,633.7460327,83.1,96.92308044
Federal,636.4187622,79.8,100.00000000
Privada,554.6624756,96.5,80.00000000
Estadual,557.2916870,78.6,54.54545593
Privada,620.9571533,97.5,96.55171967
Federal,634.4898071,91.6,96.07843018
Federal,608.5361328,93.4,97.29730225
Privada,704.6441650,91.7,97.72727203
Privada,583.3737793,98.7,79.24528503
Privada,713.6290283,94.2,98.68421173
Privada,615.8956299,100.0,85.18518829
Estadual,511.0212097,88.9,50.00000000
Estadual,550.7999878,90.5,55.55555725
Privada,591.1666870,98.0,100.00000000
Privada,595.0499878,100.0,80.00000000
Privada,646.2666626,96.6,85.71428680
Privada,693.0759888,100.0,100.00000000
Privada,637.9601440,95.3,99.39024353
Privada,531.4682007,98.8,56.41025925
Estadual,536.9057007,82.0,63.63636398
Estadual,556.6959229,47.7,57.64706039
Estadual,526.8285522,65.3,56.75675964
Privada,645.8964233,93.2,96.55171967
Privada,642.6264648,98.1,88.31169128
Privada,646.0457153,86.6,100.00000000
Privada,636.7179565,92.1,97.80220032
Privada,613.8648682,86.2,97.36841583
Privada,646.5599976,98.7,89.28571320
Privada,576.5800171,100.0,90.90909576
Privada,643.7515259,94.7,97.05882263
Privada,661.8481445,93.5,93.10344696
Privada,629.4606323,92.5,100.00000000
Privada,592.0414429,95.9,94.59458923
Privada,662.5000000,92.2,96.00000000
Privada,665.4709473,87.1,96.87500000
Privada,615.7833252,97.7,96.00000000
Municipal,554.5875244,72.7,88.88889313
Estadual,556.0187378,92.1,59.25925827
Privada,619.3206787,88.0,93.54838562
Privada,669.1300049,98.8,100.00000000
Privada,620.1725464,98.6,96.22641754
Privada,643.1676636,93.5,100.00000000
Privada,577.1312256,96.4,82.05128479
